"Warehouse Receipt#","Item Description","Tracking Id","Merchant Name",Quantity,"Shipment Type","Source Hub",Destination,"Destination Hub","Wt. Units","Dimention Units",Image
WR-5305,,sadsad,,27,,,,,,,
WR-5308,,sadsadead,,5,,,,,,,
WR-5309,,sdsdad,,6,,,,,,,
WR-5310,,tr3,,8,,,,,,,
WR-5325,,trachh6666,,7,,,,,,,
WR-5328,,,,1,,,,,,,
WR-5485,,,,7,,,,,,,
WR-5486,,,,8,,,,,,,
WR-5489,,,,10,,,,,,,
WR-5493,,,,1,,,,,,,
WR-5494,,,,1,,,,,,,
WR-5496,,,,1,,,,,,,
WR-5497-A,,,,1,,,,,,,
WR-5524,,,,11,,,,,,,
WR-5526,,,,7,,,,,,,
WR-5527,,,,12,,,,,,,
WR-5528,,,,1,,,,,,,
WR-5529,,,,1,,,,,,,
